gene,lineage,correlation,p_value,q_value,ci_low,ci_high
AZU1,Mono_1,0.740213135584654,0.0,0.0,0.7283311713949642,0.7516500937163948
MPO,Mono_1,0.735162370108317,0.0,0.0,0.7230861568369132,0.7467893309489634
ELANE,Mono_1,0.7157105241897908,0.0,0.0,0.7028992061088573,0.7280576248812848
CTSG,Mono_1,0.7003661452919692,0.0,0.0,0.6869894957782045,0.7132683000630029
PRTN3,Mono_1,0.6494467774574125,0.0,0.0,0.6342858395227887,0.6641083839426866
RNASE2,Mono_1,0.5818348335785941,0.0,0.0,0.5645217846720548,0.5986361561680269
SRGN,Mono_1,0.5671622221759285,0.0,0.0,0.549414732664802,0.584398182301787
RPS19,Mono_1,0.5597695210168098,0.0,0.0,0.5418075347791872,0.5772204476453995
CFD,Mono_1,0.5385490815236567,0.0,0.0,0.5199877262207837,0.5566020699985386
RAB32,Mono_1,0.5372716830335853,0.0,0.0,0.5186750202876177,0.5553602035320706
MS4A3,Mono_1,0.5340623624102642,0.0,0.0,0.5153773804847819,0.5522397971362
PRSS57,Mono_1,0.5098878387685035,0.0,0.0,0.4905553540294988,0.5287186499752364
C1QTNF4,Mono_1,0.5040472532885478,0.0,0.0,0.48456303304005205,0.5230315798038149
RPS14,Mono_1,0.49464612035393596,0.0,0.0,0.47492150242411413,0.5138739966755366
RPS24,Mono_1,0.4921934527061364,0.0,0.0,0.47240689586001144,0.5114841479170686
CALR,Mono_1,0.47550097779200423,0.0,0.0,0.4553014263160327,0.4952112777462319
RNASE3,Mono_1,0.46848552119691717,0.0,0.0,0.4481168455079518,0.488368040923984
TNFSF13B,Mono_1,0.4665589037281368,0.0,0.0,0.44614424275772324,0.48648829115179654
RPL36,Mono_1,0.46344699974579917,0.0,0.0,0.4429584814827792,0.483451698896848
RPL13,Mono_1,0.45524536806056576,3.442517549388417e-305,2.416819445548138e-302,0.4345646720191354,0.4754462490846924
AIF1,Mono_1,0.45205088661088827,3.006612282645169e-300,2.010278240981944e-297,0.43129631046131756,0.4723272736334817
CSTA,Mono_1,0.45054058417230536,6.221309750012906e-298,3.970609554542328e-295,0.4297512682571866,0.4708524924798003
SPINK2,Mono_1,0.44648924109254035,8.754297697063793e-292,5.344308433237944e-289,0.42560733793448213,0.4668958734459126
RPL35,Mono_1,0.434160660155875,1.2394907873360774e-273,6.961476057994346e-271,0.4130023916763815,0.454850517573995
RPLP2,Mono_1,0.43141300945999,1.062942246718166e-269,5.740296956219142e-267,0.41019425207379506,0.452164956837595
CPA3,Mono_1,0.4234812112124316,1.4388260503578756e-258,7.482428360398123e-256,0.4020900936424495,0.44441028573814906
RPLP1,Mono_1,0.41775473085629333,9.832377986629896e-251,4.930586403938228e-248,0.3962412579585322,0.4388097345752117
CEBPD,Mono_1,0.41285277961178524,3.6947440811386405e-244,1.788893160112678e-241,0.39123595541034595,0.4340142807471145
CEBPA,Mono_1,0.4126115599647687,7.727390054067104e-244,3.616676124971873e-241,0.39098968296933045,0.43377827076059733
RPS12,Mono_1,0.4121336356452811,3.327204294925239e-243,1.507008887259525e-240,0.3905017567799964,0.4333106596731196
RPL28,Mono_1,0.4115432521311354,2.012612397152122e-242,8.830965833879045e-240,0.38989903465936016,0.43273300042972235
RPS18,Mono_1,0.4112430352274053,5.018717723797727e-242,2.1353883502982996e-239,0.38959255054293845,0.4324392472922535
RPL27A,Mono_1,0.41067829709074605,2.7917011859899723e-241,1.1528904809554471e-238,0.3890160361438197,0.4318866559557568
SMIM24,Mono_1,0.4038745711168256,2.004155200927343e-232,7.816761993394674e-230,0.38207176806192333,0.4252280178379114
RPL12,Mono_1,0.3921404202626921,1.1330805768483238e-217,4.2998876701425177e-215,0.3701010114530836,0.4137386614573854
RPL34,Mono_1,0.38961944664236786,1.3786798212943584e-214,5.094221939682654e-212,0.3675301600383169,0.4112693815236223
KBTBD11,Mono_1,0.384926997847669,6.374193743790256e-209,2.2948731886297175e-206,0.36274576936585445,0.4066723071210956
RPL37A,Mono_1,0.38344666843768377,3.721879529903306e-207,1.3064727619843078e-204,0.3612366775957431,0.40522183698992786
SERPINB10,Mono_1,0.3778442459603152,1.4669371425044744e-200,4.7900614925361225e-198,0.35552645485849627,0.3997314265875596
CLEC11A,Mono_1,0.37722683043399813,7.668703286084321e-200,2.4471877918161354e-197,0.354897261094899,0.3991262592720465
RPS6,Mono_1,0.37617363466477005,1.2768239394528642e-198,3.983974429746148e-196,0.35382402052826545,0.398093912632396
VIM,Mono_1,0.37509616239818316,2.2419532778680874e-197,6.8433186901186554e-195,0.35272610232720686,0.3970377126152785
RPS15,Mono_1,0.3740084618429448,3.997187106329239e-196,1.1692605033326842e-193,0.3516178242176083,0.395971427295085
CST7,Mono_1,0.3732689472168098,2.814603337651368e-195,8.065274584482216e-193,0.3508643549985189,0.3952464388063576
MCL1,Mono_1,0.36566606058736933,1.0625144374985687e-186,2.9837530433834805e-184,0.343119684301779,0.38779130604707107
SERPINB1,Mono_1,0.36040970536475997,6.474121570165737e-181,1.7481373262826368e-178,0.3377670965658927,0.3826354093819824
VAMP8,Mono_1,0.3596522076749231,4.317206092866984e-180,1.1437337877348174e-177,0.33699585144365696,0.38189227471566506
LYZ,Mono_1,0.3581954652190346,1.633441635383375e-178,4.247250741188512e-176,0.33551275678221104,0.3804630729291667
RPL38,Mono_1,0.35663412397023253,7.842278005784444e-177,2.0020622814403522e-174,0.33392329598717707,0.3789311317540813
RPS17,Mono_1,0.3535838071096934,1.4123008907350852e-173,3.5410922869305945e-171,0.33081841592008693,0.3759378997759727
NAP1L1,Mono_1,0.34936376819864207,3.895083012749728e-169,9.59488782140683e-167,0.32652370260490676,0.3717960671446193
IGFBP2,Mono_1,0.3442808028285989,6.961595804081288e-164,1.6567418082221246e-161,0.32135204496810493,0.3668061139279978
RPS21,Mono_1,0.33794574009586986,1.7511189259106363e-157,4.03073128503463e-155,0.31490835628002156,0.3605851603168426
APLP2,Mono_1,0.3327954759137653,2.136862533266008e-152,4.5460131559981843e-150,0.30967134621383074,0.3555261794915029
RPS8,Mono_1,0.3317894506162774,2.047467829758746e-151,4.290820268304859e-149,0.3086485401973841,0.3545378294892399
PRAM1,Mono_1,0.3308690714885599,1.6056693048810716e-150,3.3154709867404597e-148,0.3077128558199693,0.3536335763745523
MNDA,Mono_1,0.3278288174959688,1.3705887000065773e-147,2.7104839347594864e-145,0.30462236285844424,0.35064628839562173
RPL32,Mono_1,0.32779813796096663,1.4665772122235327e-147,2.8600292551153645e-145,0.30459117884665976,0.35061614097980626
RPL35A,Mono_1,0.3265051733747698,2.5232579842517852e-146,4.853296624230043e-144,0.3032769987165434,0.34934555913810084
HSPB1,Mono_1,0.3244151361072583,2.4311543854404915e-144,4.4915577271013074e-142,0.3011528540196625,0.3472915252387403
GSTP1,Mono_1,0.32160185286365595,1.0712009609765296e-141,1.9282990632142886e-139,0.29829402511750114,0.3445263574974481
FAM101B,Mono_1,0.31800419114107753,2.330692760446257e-138,4.040155191287148e-136,0.2946387282847316,0.3409896467774297
FOS,Mono_1,0.31774240618921473,4.059258907734915e-138,6.950738332134871e-136,0.29437277618014224,0.3407322715454408
ENO1,Mono_1,0.316049192406833,1.4480335623948627e-136,2.3919810881866196e-134,0.292652696845541,0.33906749641553696
RPS20,Mono_1,0.3142458367092041,6.343354858700583e-135,1.0356633205931965e-132,0.2908208945096918,0.33729427072809126
FTL,Mono_1,0.3138527731021794,1.4404787882089026e-134,2.3248003063495633e-132,0.2904216534003106,0.3369077526181644
RPL37,Mono_1,0.31378860000788844,1.6466640368225712e-134,2.6273647432983774e-132,0.29035647251757285,0.33684464742929626
RPS23,Mono_1,0.31314593890735964,6.274595709982061e-134,9.899055995939116e-132,0.289703730917072,0.33621266943770917
MT-ND3,Mono_1,0.31058090131527927,1.2624619154863073e-131,1.9479371159717845e-129,0.2870986764604908,0.3336900641381176
ANXA1,Mono_1,0.307697765251047,4.587951406553246e-129,6.9268199676789395e-127,0.2841709754838816,0.33085422739928655
CYBA,Mono_1,0.304934622169728,1.221618567748184e-126,1.7867444072658596e-124,0.281365533909418,0.3281360225590607
RPS29,Mono_1,0.30400199551358503,7.929949790689787e-126,1.1361676021538296e-123,0.2804187214379991,0.32721847689403977
NPW,Mono_1,0.29687110222146224,1.0157052466312626e-119,1.4120314225692632e-117,0.2731808795166435,0.32020144597894024
RPS27A,Mono_1,0.29625594073994044,3.35053943875193e-119,4.6122474764231226e-117,0.2725566175378878,0.31959598710368525
EGR1,Mono_1,0.295152962716376,2.8257736977873375e-118,3.8150662010223083e-116,0.27143737237897037,0.31851035802726607
LAIR2,Mono_1,0.2940315033930799,2.4448518984479127e-117,3.2385061798214285e-115,0.2702994391120008,0.3174064755209516
LAIR1,Mono_1,0.292941583258738,1.971287587624254e-116,2.5868083194235653e-114,0.26919357186720017,0.316333577178862
RPS16,Mono_1,0.29001114359741065,5.143657585252967e-114,6.625880381150175e-112,0.26622056613165074,0.3134486067887126
RPL11,Mono_1,0.28996199748176243,5.643417321825558e-114,7.203565692341151e-112,0.266170710003489,0.31340021954464914
LYST,Mono_1,0.2868654077370041,1.870035870753757e-111,2.3655111406534686e-109,0.26302964057705286,0.31035119920460597
VAMP5,Mono_1,0.28387692282920424,4.704771588800694e-109,5.845990962685889e-107,0.25999870788769613,0.3074081647329053
RPS2,Mono_1,0.2828594885030083,3.039522857644711e-108,3.7111252560164687e-106,0.25896692950110956,0.30640610134807955
GAPDH,Mono_1,0.2821764853895042,1.0586075398616315e-107,1.270419527110869e-105,0.2582743278144819,0.3057333874623301
HINT1,Mono_1,0.2790685431710961,2.954593021269053e-105,3.4571200509698977e-103,0.2551230184351159,0.3026719683786523
PLAC8,Mono_1,0.27532539499123587,2.3568297714835e-102,2.690426570845514e-100,0.2513283148117712,0.2989842051434815
CSF3R,Mono_1,0.2751184892827267,3.398918636588259e-102,3.7876362362171224e-100,0.25111858084551264,0.29878034027243866
CEBPE,Mono_1,0.26621359091409574,1.731513341378999e-95,1.8701676020232714e-93,0.2420940937978838,0.2900042677230723
RPS15A,Mono_1,0.2636928808502056,1.2272480062009302e-93,1.3054385799293378e-91,0.23954028939332953,0.2875192975628004
SDF2L1,Mono_1,0.26325391880243015,2.564682805013077e-93,2.707572275578091e-91,0.23909559838953914,0.28708652654436684
RPL23,Mono_1,0.2612889563428514,6.82558848914874e-92,7.099117627862034e-90,0.23710511513188307,0.285149158247254
PKM,Mono_1,0.2569156676641136,9.128737821791918e-89,9.22133868746621e-87,0.23267575521217457,0.28083658414130247
SPARC,Mono_1,0.25464892871617106,3.599527568645284e-87,3.5592229993907347e-85,0.23038034933520807,0.27860093428382027
SNHG19,Mono_1,0.25448519213420273,4.686768085693298e-87,4.6018818665188526e-85,0.23021455247227549,0.27843943335129334
PYCARD,Mono_1,0.2534043993223865,2.6627532790719542e-86,2.5784633649275383e-84,0.22912019549786067,0.2773733636374717
BEX3,Mono_1,0.2521704921852731,1.9144856620110347e-85,1.8286594000201997e-83,0.22787087762913363,0.276156193236265
CLDN10,Mono_1,0.25199550473937404,2.5301753106566085e-85,2.4004183470898272e-83,0.22769371117652173,0.2759835730934993
CITED4,Mono_1,0.25133838817618276,7.194832126395369e-85,6.780042811189086e-83,0.2270284263265976,0.27533533246060615
FOSL2,Mono_1,0.2511746246168071,9.330726752048015e-85,8.676340021556701e-83,0.22686263063617726,0.2751737775227021
MT-ATP6,Mono_1,0.2497966008628995,8.250400096534083e-84,7.571494624538238e-82,0.22546756289183545,0.2738142849995915
RPS3,Mono_1,0.2495965778347174,1.1307403298802238e-83,1.0309561670031313e-81,0.2252650741845017,0.2736169438413777
LILRA4,DCs_1,0.6656720654154498,0.0,0.0,0.6510644015320537,0.6797868032779212
JCHAIN,DCs_1,0.6248988454868387,0.0,0.0,0.6089279566375995,0.6403632937483686
IRF7,DCs_1,0.6009377956129129,0.0,0.0,0.5842077616627142,0.6171573479021812
SCT,DCs_1,0.5888798497965538,0.0,0.0,0.5717795203473836,0.605468711863775
SPIB,DCs_1,0.5850200271600591,0.0,0.0,0.5678028214700119,0.6017255949059436
IGKC,DCs_1,0.5827521264065236,0.0,0.0,0.5654666229651596,0.5995259241421454
IRF8,DCs_1,0.5742353759068194,0.0,0.0,0.5566958667858029,0.5912631375684619
RNASE6,DCs_1,0.5543732616556166,0.0,0.0,0.5362565621616754,0.5719793986989105
TGFBI,DCs_1,0.5540905784276432,0.0,0.0,0.5359658174655549,0.5717048065428613
LILRB4,DCs_1,0.5131981089404922,0.0,0.0,0.4939524353628665,0.5319411617371855
CCDC50,DCs_1,0.5107093416801697,0.0,0.0,0.4913983458736322,0.5295184247094308
FCRLA,DCs_1,0.5047801018303854,0.0,0.0,0.48531482030678547,0.5237452587438591
PLD4,DCs_1,0.4858373312620002,0.0,0.0,0.4658917575741408,0.5052894333715893
GZMB,DCs_1,0.48498904239861623,0.0,0.0,0.4650224098462186,0.5044625342341098
UGCG,DCs_1,0.4610090723936567,0.0,0.0,0.4404630542554712,0.4810724358668729
ALOX5AP,DCs_1,0.4584191381220173,3.70968238030955e-310,3.255478143870397e-307,0.4378123826851755,0.47854449987846065
SMPD3,DCs_1,0.4407218230083772,3.442779494677929e-283,2.8435333461631063e-280,0.41970962482088403,0.4612618929858599
MPEG1,DCs_1,0.43180670159364654,2.9201229045858496e-270,2.277858094627218e-267,0.4105965865573766,0.45254977561950527
CD68,DCs_1,0.41982121912563547,1.5299191852454388e-253,1.1306102778963793e-250,0.39835169868852605,0.4408309680243843
EPHB1,DCs_1,0.4170762365974151,8.126482915083327e-250,5.7051973305342497e-247,0.39554838226997646,0.438146052457754
LGALS1,DCs_1,0.4155954969329457,8.010185571833164e-248,5.355762648290926e-245,0.3940363417925804,0.4366975589006585
LGMN,DCs_1,0.40283278885985624,4.3465600155645614e-231,2.774093144479182e-228,0.3810086834117672,0.42420824723914474
LSP1,DCs_1,0.40275770169646136,5.423162707082887e-231,3.3107229378326443e-228,0.3809320630933463,0.4241347444863242
IL3RA,DCs_1,0.3984125649383805,1.7777192875735678e-225,1.0400398548675195e-222,0.37649871638491406,0.4198808144604722
ARL4C,DCs_1,0.3872775222684919,9.535171786821226e-212,5.355333882350274e-209,0.3651422028201612,0.4089751946068324
CYBB,DCs_1,0.3794801463328548,1.798844988239993e-202,9.714454799952978e-200,0.3571936605798456,0.40133478192988625
RP11-117D22.2,DCs_1,0.37636866579541406,7.591367275029214e-199,3.9477921447661183e-196,0.3540227591207762,0.398285087103412
PLP2,DCs_1,0.37360508497001227,1.1598958231920455e-195,5.816463304799825e-193,0.35120683205302816,0.3955759772674245
TYROBP,DCs_1,0.3672626657181128,1.7615000326924965e-188,8.528697227253568e-186,0.34474580981743685,0.3893571230386976
HS3ST1,DCs_1,0.35757215013515803,7.683247219119005e-178,3.596015806788331e-175,0.33487820038930055,0.3798515095303861
PROC,DCs_1,0.3534448579801099,1.9829169026603372e-173,8.981334267823804e-171,0.3306769930437825,0.37580153988774145
CORO1A,DCs_1,0.3528992166504881,7.503633801870258e-173,3.292453819126884e-170,0.33012164741440936,0.3752660569215057
CTSZ,DCs_1,0.3506774059135211,1.6445866540566845e-170,6.997467033215123e-168,0.3278604843063865,0.3730854561052032
TNNI2,DCs_1,0.34924705440186926,5.155768107787289e-169,2.129180588277686e-166,0.32640493693582295,0.3716815036090825
JAML,DCs_1,0.34904103821902105,8.454941207958585e-169,3.3918808428841854e-166,0.32619530067132496,0.37147928127066293
SAMHD1,DCs_1,0.3405363823750798,4.417807441744236e-160,1.7230676191536338e-157,0.31754316311488945,0.36312938258700006
HCST,DCs_1,0.33917483545658267,1.032757154586797e-158,3.919173839879248e-156,0.316158360653307,0.36179227433253774
HERPUD1,DCs_1,0.33844636980550674,5.537550420603077e-158,2.0461248804128367e-155,0.31541749291033344,0.3610768458359371
ITM2C,DCs_1,0.3361754925408387,1.0078360059914162e-155,3.628468041057814e-153,0.3131081342211273,0.3588464388790189
CD74,DCs_1,0.3355874912479825,3.848402501015128e-155,1.3508854879188352e-152,0.3125102133390692,0.35826887441606825
MAPKAPK2,DCs_1,0.3297086618113072,2.131461290940056e-149,7.299475118558372e-147,0.30653321318367205,0.35249343765479657
PLAC8,DCs_1,0.3263924474012781,3.2313730831303237e-146,1.0802787966722112e-143,0.303162427272104,0.3492347806033932
CLEC4C,DCs_1,0.32501347203489,6.600577650712758e-145,2.1553188556664614e-142,0.3017609306394256,0.34787957654741103
APP,DCs_1,0.323510669679141,1.734425493636919e-143,5.534788262762723e-141,0.3002336991182705,0.34640257126075774
SCN9A,DCs_1,0.32276547942563216,8.707349162524067e-143,2.716886435355565e-140,0.299476439503532,0.3456701308289138
ACTG1,DCs_1,0.30605372342445264,1.2823558834915076e-127,3.914251947848752e-125,0.28250171794480555,0.32923696966230304
CYBA,DCs_1,0.3042246518489655,5.0771423507289576e-126,1.5167692712039424e-123,0.2806447603407008,0.32743753675500953
PACSIN1,DCs_1,0.3036589955953943,1.5748407311222351e-125,4.6067372303515217e-123,0.2800705158258621,0.3268810124266668
IGLC2,DCs_1,0.29833391143699356,5.87164920631549e-121,1.6825270715484857e-118,0.2746654091937609,0.32164110656189376
TMSB4X,DCs_1,0.29826073367764383,6.774441984981078e-121,1.9023987982223865e-118,0.27459114217628217,0.3215690893849166
CAPG,DCs_1,0.2977669579316979,1.776198065453112e-120,4.890117066083754e-118,0.2740900239113505,0.3210831377595543
SELL,DCs_1,0.2968268389958655,1.1069034038044095e-119,2.988852056311099e-117,0.273135960809184,0.3201578815293771
SIT1,DCs_1,0.2862324417922759,6.066046932017414e-111,1.6070446221218208e-108,0.26238764484902866,0.3097278973125892
TCF4,DCs_1,0.27844903330773196,8.996243715620575e-105,2.2966592365641543e-102,0.2544949249439737,0.3020616738034342
GPR183,DCs_1,0.2731364170160793,1.1150047643269794e-100,2.795675338556271e-98,0.2491095292132771,0.2968272885460163
PLXNA4,DCs_1,0.26619660622995583,1.7822358612890597e-95,4.314547194544774e-93,0.24207688500383384,0.28998752492981184
VIM,DCs_1,0.2642756660543736,4.602224140013216e-94,1.095251341524162e-91,0.24013069626855563,0.28809384825314094
DNASE1L3,DCs_1,0.26286809210397083,4.896232994551247e-93,1.1458001246082344e-90,0.2387047445800268,0.2867061334313119
CLIC3,DCs_1,0.2619786092961008,2.1647705676914732e-92,4.982875990320652e-90,0.2378037021248657,0.28582914854233016
RPS6KA4,DCs_1,0.258427073439415,7.709908285307154e-90,1.7460455199031894e-87,0.23420642547016537,0.28232711623811363
RGS1,DCs_1,0.25505853792863625,1.8582633815348555e-87,4.14156764129062e-85,0.23079511879063758,0.2790049447837975
DUSP5,DCs_1,0.2519554792860023,2.6967208262998147e-85,5.916352675324328e-83,0.22765318753788907,0.27594408890369304
SPNS3,DCs_1,0.2510957353960419,1.0574724205951267e-84,2.284303116550181e-82,0.2267827629872513,0.2750959517693527
VAMP8,DCs_1,0.25032179731515264,3.601136347566801e-84,7.661144766088705e-82,0.22599924343354238,0.2743324300938943
HLA-DPA1,DCs_1,0.24859141415059208,5.48673491366366e-83,1.1498394764589767e-80,0.224247551691693,0.27262522658052263
CUEDC1,DCs_1,0.24689189299620365,7.793886019723735e-82,1.609322847102073e-79,0.22252725511418284,0.27094832432799226
MARCH1,DCs_1,0.24649348896756013,1.4473553432370234e-81,2.9452632426653684e-79,0.2221240028342625,0.2705552015253423
P3H2,DCs_1,0.2453939137344768,7.941122635368813e-81,1.592875756045907e-78,0.22101108992509982,0.26947016057370843
GPX1,DCs_1,0.24232791343109722,8.73023923850839e-79,1.7264970302520608e-76,0.21790823487205835,0.26644436403289606
SLC35F3,DCs_1,0.24221437973084592,1.0376175773277775e-78,2.023498389341573e-76,0.21779334592153174,0.2663323099466344
SERPINF1,DCs_1,0.24179584395152834,1.9597909826878814e-78,3.7695102997151423e-76,0.2173698199323249,0.2659192230521417
NGFR,DCs_1,0.23927775787299138,8.752007978040739e-77,1.6606343786441893e-74,0.2148219047793671,0.2634337327340862
FAM129C,DCs_1,0.23877496593978478,1.8584662912994293e-76,3.4792966928180385e-74,0.21431319667494803,0.26293741085519373
CXCR3,DCs_1,0.23702983588543225,2.501131392910194e-75,4.6208402484015826e-73,0.21254763526119771,0.2612146383485926
MAP1A,DCs_1,0.23626630053209804,7.746244226454714e-75,1.4125326647227355e-72,0.21177521097542312,0.2604608364924482
ST6GALNAC4,DCs_1,0.23424222510913958,1.5197071599397578e-73,2.7010390167992583e-71,0.2097277197067043,0.25846242109759143
ERP29,DCs_1,0.23323142519817416,6.64541878815228e-73,1.166354065055577e-70,0.20870530667874204,0.2574643578906177
RP11-525A16.4,DCs_1,0.23051005527234103,3.403058668116667e-71,5.899055155435324e-69,0.2059529372747109,0.2547770218874852
SASH3,DCs_1,0.23039311030284565,4.025415087130067e-71,6.892786980291863e-69,0.20583466887649526,0.25466153105149203
CMKLR1,DCs_1,0.22949539433061697,1.4565606726756135e-70,2.4640443861491913e-68,0.20492681763095236,0.25377495452984156
PLEK,DCs_1,0.22926523247927413,2.0235961170897744e-70,3.358225967727373e-68,0.20469406404534882,0.2535476421074874
MYL12A,DCs_1,0.2292619957119439,2.0329692134237355e-70,3.358225967727373e-68,0.2046907908502589,0.25354444539256976
CDK2AP2,DCs_1,0.22820967287367305,9.09730531675746e-70,1.4852937668905988e-67,0.20362665391808965,0.2525051160920752
HLA-DRA,DCs_1,0.2251691761672521,6.60825192572682e-68,1.0665110952773595e-65,0.20055234884275092,0.24950184683085927
ARPC2,DCs_1,0.22496202756443756,8.827869866394786e-68,1.4085468272051044e-65,0.200342914519868,0.2492972174955921
HLA-DPB1,DCs_1,0.22423752906074698,2.4249277103461487e-67,3.825664042805649e-65,0.19961043944737827,0.24858151299355036
CCR2,DCs_1,0.22205752701662815,4.960158158234274e-66,7.738397855529716e-64,0.19740660204979338,0.24642781158947114
SEL1L3,DCs_1,0.22194120752866614,5.821421766050344e-66,8.982261870012404e-64,0.19728901776829624,0.24631288867374565
RP11-476B1.1,DCs_1,0.22066017682563868,3.373499504017638e-65,5.148620275642571e-63,0.19599410476664056,0.24504719313363735
FCRL5,DCs_1,0.2204322325251975,4.606104655088846e-65,6.954227469043279e-63,0.1957636992899763,0.24482196883247467
CARD11,DCs_1,0.2199912419188657,8.40528231165977e-65,1.2555166908299448e-62,0.19531795492009318,0.24438623297873047
SLC4A3,DCs_1,0.2167865530341037,6.384606352829415e-63,9.436448189481875e-61,0.1920790264912603,0.24121943453823586
LPXN,DCs_1,0.21620114659674994,1.3973676156942443e-62,2.043795697079467e-60,0.19148742358997017,0.24064089340634157
PTPRS,DCs_1,0.2155504438046402,3.3282680307818265e-62,4.7685930020620025e-60,0.19082985425238716,0.23999780129699655
DBI,DCs_1,0.21264251743411708,1.5524656903997616e-60,2.2018354301922277e-58,0.18789151305955512,0.23712362408408916
AP1S2,DCs_1,0.21222055853012312,2.698164834143094e-60,3.7884932436203184e-58,0.18746517757289394,0.2367065267918491
PCED1B,DCs_1,0.21148679155424482,7.034431629797412e-60,9.779252922176778e-58,0.1867238221336813,0.2359811924393651
IGLC3,DCs_1,0.211119149814526,1.135360706124994e-59,1.5629019288922587e-57,0.18635238892566147,0.23561776546182409
KCTD5,DCs_1,0.20996929259762898,5.044093715441918e-59,6.876128141603881e-57,0.18519071899368933,0.23448104634446737
FYB,DCs_1,0.20898096274768824,1.8042718496397387e-58,2.4359404846914975e-56,0.1841922911711425,0.23350395543583366
CMTM5,Mega,0.6637056532820934,0.0,0.0,0.6490301752134902,0.6778873552502117
LTBP1,Mega,0.6395753164805251,0.0,0.0,0.6240847499101224,0.654563324113442
GP9,Mega,0.6009900859574533,0.0,0.0,0.5842616749183128,0.6172080211180072
VWF,Mega,0.5889507070990789,0.0,0.0,0.5718525307358827,0.6055374198641924
CLEC1B,Mega,0.5764584231402321,0.0,0.0,0.5589848376617718,0.593420239815347
PF4,Mega,0.5062885546517405,0.0,0.0,0.48686234609629186,0.5252141701822092
GP6,Mega,0.5043319121686836,0.0,0.0,0.48485504483225106,0.5233087958362388
ITGA2B,Mega,0.5028389320883566,0.0,0.0,0.48332354850509496,0.5218548073212885
ARHGAP6,Mega,0.47290675496017603,0.0,0.0,0.4526443570263563,0.4926810244696692
PROS1,Mega,0.47047779950644897,0.0,0.0,0.4501568849395282,0.49031166020779043
RGS18,Mega,0.4601045682220841,0.0,0.0,0.43953729758739457,0.48018962178076496
CDH6,Mega,0.44161307196606797,1.6624519188162016e-284,1.9452072826748574e-281,0.42062089259976837,0.4621326298168702
THBS1,Mega,0.440678707083134,3.985388554873343e-283,4.3045262076135857e-280,0.41966554151985075,0.4612197683718673
BDNF,Mega,0.42923519824380457,1.3050729988258579e-266,1.3088949983224194e-263,0.4079687826348475,0.45003609131059646
CAMK1,Mega,0.42911971738775007,1.899948003067274e-266,1.7784779940711728e-263,0.40785078170374855,0.449923199252865
PPBP,Mega,0.42143104668237813,9.597563180402293e-256,8.422461538501788e-253,0.3999959234532865,0.44240539371633925
SELP,Mega,0.41780618562298416,8.375351746216082e-251,6.9175478746247066e-248,0.39629380436502665,0.43886006510086595
TRPC6,Mega,0.415772946632482,4.6269657670973744e-248,3.60929035198968e-245,0.3942175363819141,0.4368711500439756
RGS6,Mega,0.3974163770440413,3.1751108097729464e-224,2.346406888422207e-221,0.3754824464477634,0.4189054041415359
ITPKA,Mega,0.39713826419839215,7.086351048838321e-224,4.974972753836943e-221,0.3751987365730742,0.4186330830635419
PDLIM1,Mega,0.39090460314399583,3.718269077351707e-216,2.486105529290253e-213,0.368840701349091,0.41252822502513464
LAT,Mega,0.37594984240733686,2.317583334709927e-198,1.479144891030095e-195,0.35359597655821096,0.39787454342800926
GMPR,Mega,0.37355357496410657,1.3287659897768736e-195,8.111827505416123e-193,0.3511543502188969,0.3955254789091086
LCN2,Mega,0.3714204147789853,3.6126565937956947e-193,2.1135546347285561e-190,0.3489810677548922,0.3934340969510075
TPM1,Mega,0.3671331099239482,2.4590332241684505e-188,1.3810914200219686e-185,0.344613853566763,0.3892300702945408
WFDC1,Mega,0.3603616326167919,7.303771399523147e-181,3.944317470027097e-178,0.3377181504669847,0.3825882490029841
RASGRP3,Mega,0.35689263909563246,4.1377261755275415e-177,2.1517708603919334e-174,0.3341864580137377,0.37918478747857814
SPX,Mega,0.34204701175448565,1.3118940318836523e-161,6.578680036313701e-159,0.3190797091824702,0.3646127885023165
C2orf88,Mega,0.3410981844969372,1.1974719467910178e-160,5.797828829273339e-158,0.31811458953441796,0.3636810736969537
PLEK,Mega,0.34020087608854804,9.620167824207313e-160,4.502559213989829e-157,0.31720191719530205,0.3627999070063508
GP1BA,Mega,0.33949842660881374,4.890493086404792e-159,2.2150778524583767e-156,0.3164874699340451,0.36211006571572446
C6orf25,Mega,0.3375444198648344,4.399604805474088e-157,1.9304640960519272e-154,0.3145002262126165,0.3601910009388843
CALD1,Mega,0.3329393782936778,1.5454978349445533e-152,6.575859121350446e-150,0.3098176532913722,0.35566754943247025
COL2A1,Mega,0.3325490543071297,3.719982020540292e-152,1.5362431632472424e-149,0.309420809292953,0.35528409207374173
SLC35D3,Mega,0.3325160069202492,4.0069278701405e-152,1.6074649778469359e-149,0.30938721024904264,0.3552516257092229
TNNT1,Mega,0.3291713211564275,7.0297475228119635e-149,2.7417968046611884e-146,0.305986990606149,0.35196546077909524
NRGN,Mega,0.3246685981189487,1.3999662272750395e-144,5.3126826478834676e-142,0.3014104399914725,0.3475406327634812
DMTN,Mega,0.32280855585306417,7.932992760241183e-143,2.931240824909117e-140,0.2995202128127905,0.3457124710009153
STUM,Mega,0.3197422431872554,5.769717803228301e-140,2.0772463506443227e-137,0.29640453883426293,0.34269833427263596
MED12L,Mega,0.31933128363949437,1.3867384582388967e-139,4.867798673033087e-137,0.295987001430391,0.3422943316347374
PDE5A,Mega,0.3121430154779077,5.025680221981656e-133,1.7211116096791325e-130,0.2886851196378006,0.3352263763363225
TUBB1,Mega,0.31056706821535823,1.2989003182257474e-131,4.3423474686208855e-129,0.2870846284935204,0.333676458975796
FCER1A,Mega,0.30818064089146885,1.7175936178531758e-129,5.608542322854987e-127,0.28466128439384814,0.33132921037630003
SDPR,Mega,0.3067718131433695,3.002360517976128e-128,9.58094182565973e-126,0.28323080391737315,0.32994337727364215
PAPPA,Mega,0.3022751219739758,2.483674321571617e-124,7.749615810930461e-122,0.27866570225551096,0.3255194120865111
NFIB,Mega,0.3009005993950846,3.784592131087157e-123,1.1552056111433647e-120,0.27727048122521636,0.32416691685025756
ADRA2A,Mega,0.29991777286935917,2.6283316164174744e-122,7.852000899173991e-120,0.27627291576415486,0.32319978223867707
PTGS1,Mega,0.29911269306693294,1.2780342894324152e-121,3.7385165537334463e-119,0.2754558005596936,0.3224075201895717
PLXDC2,Mega,0.2987695893697207,2.503568986596893e-121,7.174002477715709e-119,0.27510757808096215,0.3220698691612266
LIMS1,Mega,0.2970778111490972,6.796547034293702e-120,1.9086063381703574e-117,0.27339065090735937,0.3204048903214468
RYR2,Mega,0.2960829280180569,4.6844227650090184e-119,1.289685883205718e-116,0.2723810489175939,0.3194256997830768
ABHD4,Mega,0.29493417934811317,4.308312970895467e-118,1.1633273543142932e-115,0.271215369934452,0.3182950086607194
EFNB2,Mega,0.288804434737204,4.98424273696194e-113,1.3204481560317472e-110,0.2649964607897406,0.31226049568355035
TREML1,Mega,0.2849474278346412,6.54856033131674e-110,1.7027469557781174e-107,0.2610843640274925,0.3084624406889022
ALOX12,Mega,0.2801550793707267,4.161253891938174e-106,1.06233028903098e-103,0.2562246579571074,0.30374229547251813
MMRN1,Mega,0.2786504551546108,6.265900775729334e-105,1.5435002244213259e-102,0.2546991353770503,0.302260101598204
GATA2,Mega,0.2738476089376313,3.197919555523292e-101,7.741722151569405e-99,0.24983037787616177,0.2975280903403946
DAD1,Mega,0.2734298274952437,6.663561307562328e-101,1.5858146494827568e-98,0.2494069204671944,0.2971164155499694
PRTFDC1,Mega,0.26720092917221544,3.2199713547224087e-96,7.53526963194289e-94,0.24309448589174032,0.29097751957175205
ABCC3,Mega,0.2670439920987594,4.2091388516336675e-96,9.688609609145627e-94,0.24293547048779837,0.2908228248174135
CCDC68,Mega,0.26529413003829955,8.238752632694473e-95,1.8361956462803666e-92,0.24116252262252796,0.28909788059385005
FERMT3,Mega,0.2643184980647352,4.28170782000993e-94,9.39366554699366e-92,0.2401740891410786,0.2881360743884469
VASP,Mega,0.264089553235864,6.296828915935541e-94,1.3602119201330915e-91,0.23994214752322213,0.28791036699548433
PF4V1,Mega,0.2631813479383839,2.896627965620978e-93,6.162356555346084e-91,0.23902208136900996,0.2870149782674827
SPTB,Mega,0.261840466319226,2.7254390547795848e-92,5.711625338531365e-90,0.23766376758555402,0.28569294299649317
SOS1,Mega,0.2550207438554974,1.9752583854122187e-87,4.0786180867019064e-85,0.23075684821976944,0.278967667651084
PRKAR2B,Mega,0.24883720021995268,3.731488261064954e-83,7.593308213567103e-81,0.2244963548768092,0.27286772940163334
CTTN,Mega,0.24854825494744096,5.870762016362205e-83,1.177590992453453e-80,0.2242038630207634,0.2725826435894765
SLC37A1,Mega,0.2415077258402734,3.0339176790599407e-78,5.999892694602905e-76,0.2170782719283452,0.2656348507795906
RAB27B,Mega,0.23887575679959075,1.5982980256086268e-76,3.1169031357737125e-74,0.21441517244098618,0.2630369057374571
RAB38,Mega,0.2360388109745473,1.083963751638479e-74,2.0567479779399844e-72,0.21154507894393385,0.26023624125295464
ST6GAL2,Mega,0.23597106892702413,1.1979446492298527e-74,2.2427121093115148e-72,0.21147655054290837,0.2601693605721247
RBPMS2,Mega,0.23209585954309428,3.456104253858809e-72,6.38515260900415e-70,0.20755675841019905,0.2563430393887356
ASAP2,Mega,0.22981561896903435,9.212662043014794e-71,1.6799349057918275e-68,0.20525065277676066,0.2540912102909221
RSU1,Mega,0.22980204590264242,9.39342560707724e-71,1.6909370378073272e-68,0.2052369265659595,0.25407780555502496
DTD1,Mega,0.2290903326161301,2.5973145142760952e-70,4.6163155816393235e-68,0.20451719658278344,0.25337490573058935
HEMGN,Mega,0.2279577149104949,1.300838236635817e-69,2.2831337100754384e-67,0.20337187592100875,0.25225626085665465
RAP1B,Mega,0.2271507821063244,4.0767432125776705e-69,6.982970621258414e-67,0.20255593394585167,0.2514592433682517
ANXA3,Mega,0.22715054957005976,4.0780826931357447e-69,6.982970621258414e-67,0.20255569881830884,0.25145901368456186
PSTPIP2,Mega,0.22658628751985885,9.039946603041276e-69,1.529275786184368e-66,0.201985157241031,0.25090166550020565
F2R,Mega,0.22446226707948036,1.7731375501910653e-67,2.9638838502658033e-65,0.1998376488376278,0.24880352597417207
CLU,Mega,0.22131228337459846,1.381256367944549e-65,2.281673019095225e-63,0.19665326732724597,0.2456915037310424
GAS2L1,Mega,0.21990831279897946,9.410419805802382e-65,1.5364151685264098e-62,0.19523413298462616,0.24430429092448075
GJA4,Mega,0.21832276757201893,8.082165855834678e-64,1.3043872503652266e-61,0.19363158709157444,0.2427375506704519
DAAM1,Mega,0.21718725034860747,3.729880819706394e-63,5.951279157897441e-61,0.19248397549621651,0.24161542269688138
PIEZO2,Mega,0.21651908937127945,9.134485068915955e-63,1.4410933129511116e-60,0.19180872952642578,0.2409551096879772
TLN1,Mega,0.21606703075669761,1.6714723031652305e-62,2.6076825120825557e-60,0.1913518906765024,0.24050834795362594
RTN1,Mega,0.21404171817320017,2.4615990553884454e-61,3.7568817757292566e-59,0.18930529313547037,0.23850663931008487
BIN2,Mega,0.21394064486678363,2.8131262253285827e-61,4.247215626864369e-59,0.18920316323255856,0.23840673851297636
LRRFIP2,Mega,0.213589112277225,4.472768838379382e-61,6.681079495711159e-59,0.18884795997200243,0.2380592798743717
ANGPT1,Mega,0.21273673183979788,1.3719931177475864e-60,2.0278058280309326e-58,0.18798670593636205,0.23721675176320942
SLC40A1,Mega,0.21244605795333457,2.008405373333803e-60,2.9375020673937423e-58,0.1876930147290968,0.23692942923974428
CD164,Mega,0.21180786226315587,4.6273245144976075e-60,6.698171495676383e-58,0.18704820981776987,0.236298576686368
ITGB5,Mega,0.21032123850299947,3.198682118693234e-59,4.5829281253644586e-57,0.18554627315619066,0.2348289780862128
RNF130,Mega,0.2101370698618302,4.0600334174508785e-59,5.758275678225029e-57,0.18536021555258178,0.2346469107871071
C15orf53,Mega,0.2072700993095733,1.6129016646211288e-57,2.264675227294527e-55,0.18246406840196924,0.23181243026205503
ITGA2,Mega,0.2069927870032348,2.296070455856121e-57,3.1919926010570095e-55,0.1821839567729009,0.23153823849847693
SEPT4,Mega,0.20658047311592753,3.878002603711821e-57,5.33833672144291e-55,0.18176748823678876,0.23113055709134328
ZBTB16,Mega,0.20572605947266154,1.1447044427783807e-56,1.5604655418496353e-54,0.18090449349544332,0.23028571561829883
STXBP5,Mega,0.20453456532938416,5.136024579015462e-56,6.934127030188087e-54,0.1797010966809179,0.22910750821069903
AIF1,DCs_2,0.5480722651296329,0.0,0.0,0.5297768958157324,0.565857815366377
VIM,DCs_2,0.5394961798971496,0.0,0.0,0.5209610591082372,0.5575227718717339
LGALS1,DCs_2,0.5323449901040385,0.0,0.0,0.5136129740556798,0.5505697954116341
SPINK2,DCs_2,0.5311745078496967,0.0,0.0,0.5124105262732318,0.5494315151785374
SELL,DCs_2,0.468378478225575,0.0,0.0,0.4480072423877317,0.4882636067652495
LSP1,DCs_2,0.44518174516540004,8.069207138722566e-290,1.4162467179350446e-286,0.4242701481024316,0.4656187735360143
CYBA,DCs_2,0.4392574866038999,4.897189303426983e-281,7.64015944549092e-278,0.418212489137812,0.45983117242736454
HCST,DCs_2,0.4312446395071934,1.84598368809252e-269,2.591945696450707e-266,0.41002218857651684,0.45200037938441884
CORO1A,DCs_2,0.429328625397003,9.629984935616582e-267,1.2292238043726584e-263,0.4080642491172155,0.45012742356902474
IRF8,DCs_2,0.4288164855532971,5.089763844286859e-266,5.955447844802649e-263,0.40754093599034413,0.44962676196945306
SPNS3,DCs_2,0.42751696680398615,3.429827150521707e-264,3.7044771554211763e-261,0.40621312853399716,0.4483563097667209
VAMP8,DCs_2,0.4164984788334709,4.888039026587604e-249,4.5755303981544364e-246,0.39495839761297286,0.43758088955754393
PLD4,DCs_2,0.41026329434918624,9.829678731539182e-241,8.118736415855393e-238,0.38859239032859116,0.4314805692465246
TMSB4X,DCs_2,0.3927414825523755,2.0621864204038512e-218,1.6086199738272486e-215,0.37071401568014334,0.414327351785099
SAMHD1,DCs_2,0.39230793148982995,7.050437542450046e-218,5.210273343870583e-215,0.3702718488730951,0.4139027265336419
CAPG,DCs_2,0.3848128042784366,8.73041384539485e-209,6.129187040159454e-206,0.3626293529083628,0.4065604208180736
TYROBP,DCs_2,0.37623521017348915,1.0835670326069994e-198,5.8516787326288e-196,0.35388676634417043,0.39815427071667137
ACTG1,DCs_2,0.37377088381574575,7.487513787676899e-196,3.8937844849174564e-193,0.35137575994561104,0.39573851895061335
PLAC8,DCs_2,0.36769819356867345,5.731977713072992e-189,2.8743821096163527e-186,0.34518941380956625,0.389784230219446
C1QTNF4,DCs_2,0.367538252857815,8.658738993972103e-189,4.192322559115942e-186,0.3450265060950109,0.3896273829702541
FOS,DCs_2,0.3613071181075076,6.789345811438727e-182,3.177640151280372e-179,0.3386808353365428,0.3835157689358451
NAP1L1,DCs_2,0.3594258465585964,7.6028231477309475e-180,3.33597624429032e-177,0.3367653881174302,0.3816702000842361
ARL4C,DCs_2,0.35581164303443336,5.971007069742717e-176,2.3953974361787855e-173,0.3330860542145059,0.3781240889988353
GSTP1,DCs_2,0.3523046171414744,3.189333837922112e-172,1.2439287893962327e-169,0.3295164908314036,0.3746825102451554
PKM,DCs_2,0.3499566265990947,9.355827324093896e-170,3.5504100393946594e-167,0.3271269948149517,0.37237799254608367
HOPX,DCs_2,0.34359370665188854,3.504865215942916e-163,1.2618413460783201e-160,0.32065306462788584,0.3661314913251525
LCP1,DCs_2,0.34133169591416496,6.954205553841206e-161,2.3248571471781993e-158,0.31835210617614906,0.363910377840766
ITM2C,DCs_2,0.3377661761455398,2.6449132246671853e-157,8.25271701945599e-155,0.3147257443303968,0.36040880136868414
ITGB2,DCs_2,0.33350851333889486,4.2832606444115487e-153,1.3074187545257077e-150,0.31039630966405246,0.35622665847113877
KCNE5,DCs_2,0.3324294586520092,4.867494916995313e-152,1.4541382155219403e-149,0.3092992175120705,0.3551665988287172
ANXA2,DCs_2,0.3306051092825613,2.894489202320771e-150,8.466983935372071e-148,0.307444512374567,0.3533742312132289
ARPC2,DCs_2,0.3291703165524019,7.045431841001095e-149,1.9784981695899277e-146,0.3059859694109089,0.351964473667866
DBI,DCs_2,0.32677100661339264,1.40745734171341e-146,3.800405487499614e-144,0.3035471866506979,0.3496067973490627
PYCARD,DCs_2,0.32441462723528486,2.4338484052188743e-144,6.2133937195778565e-142,0.30115233687148935,0.34729102510595905
CD74,DCs_2,0.32057129394097195,9.793271084497527e-141,2.4124091104812244e-138,0.29724688660253534,0.34351332463718287
PHGDH,DCs_2,0.31933166003064845,1.3856260699549333e-139,3.3544095945236587e-137,0.2959873838420147,0.3422947016580558
TNFSF13B,DCs_2,0.3176214521856456,5.2443646736977624e-138,1.2480699048032251e-135,0.2942498980255978,0.34061335382618185
LST1,DCs_2,0.3172172880487627,1.2331638927617677e-137,2.885809036377997e-135,0.2938393100010428,0.34021598853574264
FLT3,DCs_2,0.31084554785223034,7.322604913373012e-132,1.5817953167487762e-129,0.28736743564956047,0.3339503480563218
JAML,DCs_2,0.31074319226910807,9.040367954381893e-132,1.9232697946587295e-129,0.2872634890048709,0.33384968019212435
H2AFY,DCs_2,0.30983394388055696,5.854515436316257e-131,1.2088713417840672e-128,0.28634013112325374,0.3329554010647163
SMIM24,DCs_2,0.3076160415949978,5.416895363370909e-129,1.0865518256727277e-126,0.28408799501138715,0.33077383836581425
RPLP1,DCs_2,0.30116724702827397,2.2339423083709025e-123,4.417856894624767e-121,0.2775411364199796,0.3244292987714271
CD44,DCs_2,0.2983441789583199,5.754975487459949e-121,1.0919677137760154e-118,0.27467582957074094,0.3216512112211295
CTSZ,DCs_2,0.29774040540704466,1.8705860026185752e-120,3.501986408368989e-118,0.2740630769109802,0.3210570056248918
LYZ,DCs_2,0.2975531357739875,2.6946199447144794e-120,4.913656966718962e-118,0.2738730261755473,0.32087269990990197
GLIPR1,DCs_2,0.29491118297038094,4.503502635784736e-118,8.106882116545317e-116,0.2711920353453303,0.3182723730917867
IL6R,DCs_2,0.28988107620339015,6.574008758397391e-114,1.1256787436177776e-111,0.26608861993508914,0.3133205475171161
HLA-DPA1,DCs_2,0.2862100631527779,6.3233724883249184e-111,1.020534173661726e-108,0.2623649473460511,0.3097058599780393
PLP2,DCs_2,0.2852428801471616,3.793924179736403e-110,5.985448248053802e-108,0.26138400858307276,0.30875340371888854
CD48,DCs_2,0.27763406246217215,3.874349847471363e-104,5.6666402300359804e-102,0.2536686930356925,0.3012587962727771
BAALC,DCs_2,0.2775931193889105,4.1686684680374715e-104,6.03425504739321e-102,0.2536271851438654,0.3012184598681633
ANXA1,DCs_2,0.2763723046382518,3.677261208538418e-103,5.268614758070196e-101,0.25238956953843455,0.30001569553363916
ZFP36,DCs_2,0.2762304858839663,4.731897352912287e-103,6.711168760832468e-101,0.2522458041611013,0.29987596877373407
ITGAL,DCs_2,0.27510553643850444,3.477687467719759e-102,4.883020973425314e-100,0.2511054510198342,0.2987675777208484
GPX1,DCs_2,0.274397322230387,1.2146289716634094e-101,1.6720201363848952e-99,0.2503875735546147,0.29806975513589484
BCL2,DCs_2,0.2723898368609515,4.119460020498682e-100,5.615663897846796e-98,0.24835284044731695,0.29609158806499136
FUT7,DCs_2,0.26998576137528646,2.6898238260966646e-98,3.563001541719176e-96,0.24591641335924994,0.29372235530287455
RPS24,DCs_2,0.2697038849167712,4.3777187623278887e-98,5.744630760920177e-96,0.24563076361427083,0.2934445450302345
GRN,DCs_2,0.2674485556045974,2.1091805329321484e-96,2.692273078445481e-94,0.24334539429633292,0.2912216053857523
TRBC2,DCs_2,0.26659757668389766,9.009145666316552e-96,1.1096264412346553e-93,0.24248315024179887,0.2903827809942122
HLA-DPB1,DCs_2,0.266313961938509,1.4598392683645384e-95,1.782400275400564e-93,0.24219578951006443,0.2901032089955448
LAIR1,DCs_2,0.2651312184762039,1.08542063509087e-94,1.3138268221819748e-92,0.2409974699755826,0.2889372810083394
FAM101B,DCs_2,0.26499038923091006,1.3773164644234503e-94,1.652897476664074e-92,0.24085479098992937,0.28879844927633425
LY86,DCs_2,0.26482693157046633,1.8155449763355274e-94,2.16034466209552e-92,0.24068918768128508,0.28863730883367916
ICAM3,DCs_2,0.2628558169055403,4.997912608296741e-93,5.897116885133995e-91,0.23869230957096685,0.2866940309807433
EMB,DCs_2,0.26200344323643876,2.076939305486e-92,2.430192065694077e-90,0.2378288582405069,0.28585363408881614
ARPC1B,DCs_2,0.2618272664396193,2.7860619396057053e-92,3.2064832536068614e-90,0.23765039657055578,0.28567992819244425
COTL1,DCs_2,0.26070023194006153,1.8140263007894033e-91,2.0707921373482937e-89,0.23650878394558206,0.2845686633993186
CXorf21,DCs_2,0.2592546809229004,1.9776141747784424e-90,2.2037841768304848e-88,0.23504463257873334,0.28314324493392595
RNASE6,DCs_2,0.2580222418896214,1.4972051461568292e-89,1.6423638638428154e-87,0.23379642213456756,0.2819278870385251
LAT2,DCs_2,0.2551744275855872,1.5408813081800307e-87,1.6771716626477373e-85,0.23091247002192675,0.27911924887327066
NKG7,DCs_2,0.25467487391665844,3.452024957890906e-87,3.728452494903555e-85,0.23040662113086982,0.27862652510577235
PRAM1,DCs_2,0.25344340094876117,2.5013314862427218e-86,2.6209847312189596e-84,0.22915968553467897,0.2774118349908131
SEL1L3,DCs_2,0.2520943958401135,2.1613547343045463e-85,2.231439840027216e-83,0.22779383350716179,0.2760811265443413
RPL28,DCs_2,0.2507484754274778,1.833530564463218e-84,1.8655509170744957e-82,0.22643119999432532,0.2747533693048164
GAPDH,DCs_2,0.24824488800463615,9.441527548074416e-83,9.335809035388232e-81,0.22389677719899764,0.2722833241965915
TNNI2,DCs_2,0.2481688162749551,1.0635047700196372e-82,1.0442426906185823e-80,0.2238197736882848,0.2722082666934291
IMPA2,DCs_2,0.24666051196835306,1.1167061413538917e-81,1.0813566159137925e-79,0.22229305735349816,0.27072001145361696
ZYX,DCs_2,0.2461203921025425,2.5814353763018005e-81,2.4825982273050398e-79,0.22174637324466515,0.27018704313929454
CD180,DCs_2,0.2454570536447495,7.20333479404013e-81,6.880409785246086e-79,0.22107499399417388,0.2695324675494874
ENO1,DCs_2,0.24496659581514754,1.535157736262508e-80,1.4564290388420187e-78,0.22057860583963715,0.26904847448513736
MCL1,DCs_2,0.24488598727146738,1.7381593360228423e-80,1.6379527004762906e-78,0.22049702383405284,0.26896892728555977
KIAA0930,DCs_2,0.24464818493549662,2.5066106796670762e-80,2.346354703547028e-78,0.22025635168756108,0.26873425409426305
CEP55,DCs_2,0.24423497039593697,4.7308509217564645e-80,4.399064754462418e-78,0.2198381575177316,0.2683264700762883
TUBA1B,DCs_2,0.24221470580951476,1.0371031178625528e-78,9.455821349290976e-77,0.2177936758916282,0.26633263177665656
EVI2B,DCs_2,0.24110909322256016,5.548370225108733e-78,5.0261075052097887e-76,0.21667490098808903,0.26524139388242696
GPR183,DCs_2,0.23948241427660988,6.4381168800784345e-77,5.757808860712185e-75,0.21502897310108607,0.2636357519050799
SPATS2L,DCs_2,0.23884185349799167,1.6814838836885825e-76,1.4848877491114078e-74,0.21438087050966734,0.2630034384247844
DUSP6,DCs_2,0.23873813006312247,1.9637390696455462e-76,1.7233037673058195e-74,0.21427592788552788,0.2629010484891713
CSF1R,DCs_2,0.2359987356616129,1.150017310255057e-74,9.906376106313654e-73,0.21150453840541653,0.2601966755413868
AREG,DCs_2,0.2354686382061158,2.5121315780090347e-74,2.150782895538101e-72,0.21096829509482143,0.25967331120716586
TOP2A,DCs_2,0.23513979940707389,4.0747886744321605e-74,3.467521683497089e-72,0.21063565120880406,0.25934864206290975
PSMB8,DCs_2,0.23506860733103221,4.524163065560255e-74,3.8267333496103333e-72,0.21056363609631,0.2592783519772628
C1orf228,DCs_2,0.23374869386330183,3.126184737109175e-73,2.6284287361526897e-71,0.2092285115648278,0.2579751151104075
KLF4,DCs_2,0.2327827155146997,1.2762865146020889e-72,1.066686842352853e-70,0.20825145893437,0.2570212856549424
MPO,DCs_2,0.23250162439108024,1.9194626468868254e-72,1.5853632367610537e-70,0.20796715448906972,0.25674372088090586
S100A11,DCs_2,0.22980949564000835,9.293778181182048e-71,7.631224528770593e-69,0.20524446035724186,0.2540851629033707
CD52,DCs_2,0.22965230476891102,1.1638195312446362e-70,9.50069188267787e-69,0.2050854965499029,0.25392992086233995
PSME2,DCs_2,0.22813898333537294,1.0057882400051127e-69,8.16316339763687e-68,0.20355517285267666,0.2524352973820641
KLF1,Ery_2,0.8476792485261424,0.0,0.0,0.8402613197386002,0.8547798876018488
APOC1,Ery_2,0.7931610694404689,0.0,0.0,0.7833993800802375,0.8025315344082138
BLVRB,Ery_2,0.7061420025746564,0.0,0.0,0.6929766476844179,0.7188365752916478
ANK1,Ery_2,0.7054311787207035,0.0,0.0,0.6922397222013541,0.7181513860556964
FAM178B,Ery_2,0.70337037149033,0.0,0.0,0.6901033970986705,0.716164758813187
CA1,Ery_2,0.6584930356284167,0.0,0.0,0.6436388091853864,0.6728513314753177
AHSP,Ery_2,0.6534137388284699,0.0,0.0,0.6383867536023118,0.6679428313961846
S100A6,Ery_2,0.6377183160694039,0.0,0.0,0.6221663303431294,0.6527671915069113
SMIM1,Ery_2,0.6256319297013062,0.0,0.0,0.6096847561578239,0.641072830855896
TFR2,Ery_2,0.6052825670357643,0.0,0.0,0.5886878833257418,0.6213672943462201
APOE,Ery_2,0.6038576179975536,0.0,0.0,0.5872184312898131,0.6199866660238619
CSF2RB,Ery_2,0.5698009987318259,0.0,0.0,0.5521307851475844,0.5869595749550698
FAM89A,Ery_2,0.568061589153788,0.0,0.0,0.5503403952558081,0.5852712133195574
FHL2,Ery_2,0.5550068937922108,0.0,0.0,0.5369082796320062,0.5725948804290578
KCNH2,Ery_2,0.5536651901299772,0.0,0.0,0.5355283061855806,0.5712915864414826
S100A4,Ery_2,0.5526995293177498,0.0,0.0,0.5345351614993458,0.5703535151071648
TPM1,Ery_2,0.5455790762821575,0.0,0.0,0.5272136001805239,0.5634350754797568
EMP3,Ery_2,0.5444467000159523,0.0,0.0,0.5260494926276328,0.5623345948511023
HBB,Ery_2,0.5421062095666771,0.0,0.0,0.5236436357672754,0.5600598281421804
PVT1,Ery_2,0.5299604701427398,0.0,0.0,0.5111634112852829,0.5482508061778686
REXO2,Ery_2,0.5230331466029429,0.0,0.0,0.5040488621423663,0.5415122616402025
HBD,Ery_2,0.5222321808426256,0.0,0.0,0.5032264147216742,0.5407329701119534
CSF1,Ery_2,0.5209509316782915,0.0,0.0,0.5019108744264891,0.5394863256761274
TRIB2,Ery_2,0.519293368138714,0.0,0.0,0.5002090788406434,0.5378734100040934
PPP1R14A,Ery_2,0.5182508988092477,0.0,0.0,0.4991388667515558,0.5368589507821371
UROD,Ery_2,0.5151256581372902,0.0,0.0,0.49593080485566093,0.5338173597038895
SLC40A1,Ery_2,0.5101705334888323,0.0,0.0,0.49084543941537706,0.5289938713913525
HES6,Ery_2,0.5092775572770613,0.0,0.0,0.4899291321748347,0.528124488355211
HBQ1,Ery_2,0.5033807433784168,0.0,0.0,0.4838793237603079,0.5223824811155557
PRKAR2B,Ery_2,0.4998875562962877,0.0,0.0,0.48029638385726575,0.5189801862868536
EPCAM,Ery_2,0.49901345771685734,0.0,0.0,0.47939992873308457,0.5181287369945148
TMEM14C,Ery_2,0.4941667602440764,0.0,0.0,0.47443001137565605,0.5134069376280121
CD36,Ery_2,0.4935898897807831,0.0,0.0,0.4738385586393032,0.5128448553682536
EPOR,Ery_2,0.4918046407458196,0.0,0.0,0.4720082945389925,0.5111052669875121
MYC,Ery_2,0.4903890144655112,0.0,0.0,0.47055709453276257,0.5097257352457794
ITGA2B,Ery_2,0.4902784366660867,0.0,0.0,0.47044374250577753,0.5096179726860753
MARCKSL1,Ery_2,0.48675207210421245,0.0,0.0,0.46682925010975856,0.5061810688648568
NFIA,Ery_2,0.48669899525197136,0.0,0.0,0.4667748518912469,0.5061293338106617
ALDH1A1,Ery_2,0.4843973890700574,0.0,0.0,0.46441609145256096,0.503885778383297
PDZD8,Ery_2,0.4814377291204367,0.0,0.0,0.4613833528251386,0.5010003799901384
MYH10,Ery_2,0.4705465457728148,0.0,0.0,0.45022728305457943,0.49037872390751935
NECAB1,Ery_2,0.46899165223218664,0.0,0.0,0.44863508998195983,0.48886182900379715
CTNNBL1,Ery_2,0.4689123141553389,0.0,0.0,0.44855385217003385,0.4887844265764033
SMIM10,Ery_2,0.4656693513626953,0.0,0.0,0.4452335251282349,0.4856203161403415
EPSTI1,Ery_2,0.45702987397369554,5.63635450942242e-308,1.5828010733360042e-305,0.43639068610419074,0.47718835467952014
MINPP1,Ery_2,0.4542606740189366,1.1647848941801562e-303,3.206812686114426e-301,0.43355714647046906,0.4744848837907465
CA2,Ery_2,0.4492759505935415,5.284834287815079e-296,1.4000822308530477e-293,0.428457639392149,0.4696175148882071
MYL4,Ery_2,0.4433675319866565,4.140708055753491e-287,1.0570851238333593e-284,0.4224148842615558,0.46384659528251665
NMU,Ery_2,0.44272548604438483,3.7312922392352413e-286,9.35554898769679e-284,0.42175835264030104,0.4632193861379489
PNMT,Ery_2,0.44261533783019147,5.437906960210522e-286,1.3395377478651919e-283,0.4216457214992554,0.4631117812341941
MPC2,Ery_2,0.44180680828786484,8.591529447948555e-285,2.079890775493891e-282,0.4208189861418401,0.4623219020554271
PCAT18,Ery_2,0.43834160025402213,1.0731250620696806e-279,2.5112914994200644e-277,0.417276146213812,0.45893625720276177
HDAC7,Ery_2,0.4359915742717179,2.81774637867204e-276,6.381286597247437e-274,0.4148738363414577,0.4566398487697661
ICAM4,Ery_2,0.42648819470680477,9.475854609467444e-263,2.1119122947862283e-260,0.4051620253046339,0.4473504886668126
TAL1,Ery_2,0.42608709358949787,3.4441497771748347e-262,7.556141722079977e-260,0.40475223292537366,0.44695832146222747
GATA1,Ery_2,0.42587705846834994,6.764460836381743e-262,1.4612276092867087e-259,0.40453765007544834,0.4467529613511253
HMBS,Ery_2,0.41741159404928463,2.863051310306098e-250,5.911779918824694e-248,0.39589084492814863,0.4384740916251349
MPST,Ery_2,0.4118631324655362,7.593564598291167e-243,1.5231605789229467e-240,0.39022559796930706,0.43304598868671607
DLC1,Ery_2,0.3971723529875233,6.422526959323867e-224,1.2701225498009355e-221,0.37523351117903114,0.41866646215321274
ZFP36L1,Ery_2,0.3950273273148611,3.0548612524825674e-221,5.957403728626073e-219,0.3730454510224376,0.4165659809278808
CDC42BPA,Ery_2,0.3933085422270035,4.118263595983862e-219,7.921169746741015e-217,0.3712923593213325,0.41488272283254346
RHAG,Ery_2,0.3912206949919095,1.524886235998652e-216,2.893368599953659e-214,0.3691630501832434,0.41283783238087063
CASP3,Ery_2,0.390821152611741,4.703940694320836e-216,8.806404171861182e-214,0.36875559981278005,0.4124464856121187
LPCAT3,Ery_2,0.39004004268916354,4.234201387059156e-215,7.822687062591791e-213,0.3679590541713946,0.4116813751473522
CDH1,Ery_2,0.3888982966987844,1.0390244193354498e-213,1.8703771630626988e-211,0.3667948041410423,0.41056296062525466
TGM2,Ery_2,0.388890309746062,1.0624957698041539e-213,1.8884181144076109e-211,0.36678666000775234,0.4105551366555304
PMP22,Ery_2,0.38624857179407357,1.656228558452302e-210,2.9068881486535963e-208,0.36409311939990235,0.40796713137997137
MAP7,Ery_2,0.3822317413875525,1.0304482799366133e-205,1.7644541827548764e-203,0.3599982317922815,0.40403133395644464
LYAR,Ery_2,0.3805542092582171,9.852609558701585e-204,1.6469106049253446e-201,0.35828835450577895,0.40238740433354186
ELOVL6,Ery_2,0.3803079866070541,1.9194861485454312e-203,3.1707652954972234e-201,0.3580373969092529,0.4021461018968521
RBPMS2,Ery_2,0.3770751631859485,1.150576355007892e-199,1.856924436858139e-197,0.35474270363424737,0.3989775978604162
RFESD,Ery_2,0.3757731702919043,3.7091169676064564e-198,5.918149016154801e-196,0.3534159498180794,0.3977013613074946
UBAC1,Ery_2,0.3739329327491337,4.880215295321482e-196,7.699225051866172e-194,0.3515408685645574,0.3958973830595339
FBXO7,Ery_2,0.37361023920345643,1.144225673971695e-195,1.7851191875818412e-193,0.35121208353803474,0.3955810302653056
DHRS11,Ery_2,0.373548234513641,1.3476213933830163e-195,2.0793353829110915e-193,0.3511489090193512,0.3955202433365643
HNRNPAB,Ery_2,0.3725400407918149,1.916807063897303e-194,2.925422606976308e-192,0.3501217225445262,0.3945318233488587
GMPR,Ery_2,0.3710560969554309,9.367109205780625e-193,1.414232046864148e-190,0.3486099216635258,0.3930768915604513
LMO2,Ery_2,0.3684311160585666,8.628721867825997e-190,1.2888923802781363e-187,0.34593594983484804,0.3905029606446456
FSCN1,Ery_2,0.3651956161434522,3.538898503971479e-186,5.230491988869846e-184,0.3426405673653147,0.38732990906224185
TUBB2A,Ery_2,0.3630151654509434,9.086958486027721e-184,1.3153606608486106e-181,0.34042007396225704,0.3851912474048335
FAM83D,Ery_2,0.3629100445254939,1.1859696409970354e-183,1.699204054004018e-181,0.3403130289195872,0.385088135136389
GATA2,Ery_2,0.36265802642422734,2.2446845529146806e-183,3.183597556310609e-181,0.3400564003030414,0.3848409303572388
PDCD4,Ery_2,0.3624395548999382,3.900643805081558e-183,5.476893966715016e-181,0.33983393470127965,0.3846266288698906
G0S2,Ery_2,0.3615859625270047,3.363805003221504e-182,4.6763550544785275e-180,0.3389647612763204,0.3837893063634845
STRADB,Ery_2,0.3563537408016973,1.5678236007303677e-176,2.1582167821426564e-174,0.3336378768338996,0.37865601526040044
CD82,Ery_2,0.3552305701341401,2.4957189943760508e-175,3.369460615387897e-173,0.3324945745616513,0.37755390254335786
MTSS1,Ery_2,0.35314146398414,4.157423672812156e-173,5.507017527354291e-171,0.3303682012011596,0.3755037961088267
GBGT1,Ery_2,0.35088553793588895,9.945806971642444e-171,1.305131548493753e-168,0.32807229163433016,0.3732897382255257
GFI1B,Ery_2,0.3503591787314038,3.545405279596621e-170,4.6093551417422365e-168,0.32753664213469014,0.3727731110991967
LDB1,Ery_2,0.34985928222905416,1.1827385911158024e-169,1.523562619986879e-167,0.32702793598884394,0.37228244452925296
AMMECR1,Ery_2,0.34966735201174265,1.8771694903665388e-169,2.3961215285669608e-167,0.3268326269131047,0.3720940547212981
HBA1,Ery_2,0.3493624473722274,3.9074654860210687e-169,4.942767827857822e-167,0.3265223585538336,0.3717947706560984
RYR3,Ery_2,0.34820356256198687,6.28901471962274e-168,7.884290685555616e-166,0.32534313216676897,0.3706572060388342
XK,Ery_2,0.3477671994877949,1.7845481821219277e-167,2.2174195597499103e-165,0.3248991281617298,0.3702288533476534
HBS1L,Ery_2,0.3477009753533696,2.090265294209108e-167,2.5745100873675514e-165,0.3248317452913256,0.3701638440648434
ATPIF1,Ery_2,0.3413555753332419,6.578085742313164e-161,7.894265120326422e-159,0.3183763953413807,0.36393382686005943
TST,Ery_2,0.3411856304142078,9.77026416362629e-161,1.1625786366226842e-158,0.31820353499987825,0.3637669443848989
ALAD,Ery_2,0.3404278133381636,5.683606614847541e-160,6.650293373256194e-158,0.3174327360945679,0.3630227656905321
DDI2,Ery_2,0.3385226389321883,4.645770275249366e-158,5.34682462580134e-156,0.31549505919941834,0.36115175124306936
GAD1,Ery_2,0.33835894884868123,6.7717328115626194e-158,7.730235805459411e-156,0.31532858550262816,0.3609909876382187
VPREB3,CLP,0.9564629544471064,0.0,0.0,0.9542114407463507,0.9586061018581448
VPREB1,CLP,0.9002032873329087,0.0,0.0,0.8951981620748833,0.904981362231766
CD79B,CLP,0.8992732712401104,0.0,0.0,0.8942240991172028,0.9040936261529443
AKAP12,CLP,0.8509130167618205,0.0,0.0,0.8436392434995534,0.8578745049164153
CD9,CLP,0.8427798643981269,0.0,0.0,0.8351446268870109,0.8500903646151504
DNTT,CLP,0.7940253607949755,0.0,0.0,0.7842995547114686,0.8033609643773536
CD79A,CLP,0.7130302605870077,0.0,0.0,0.7001192694964554,0.7254751429901097
ARPP21,CLP,0.7055673911634575,0.0,0.0,0.6923809342682431,0.7182826881454839
LAPTM5,CLP,0.6589333982981793,0.0,0.0,0.6440942155370826,0.673276826939066
EBF1,CLP,0.6503645017513785,0.0,0.0,0.6352344768353269,0.664995520802817
CD24,CLP,0.5943731508738596,0.0,0.0,0.5774405457020878,0.6107946521938062
CXCR4,CLP,0.5515556245063503,0.0,0.0,0.5333587646812346,0.5692422327174268
FHIT,CLP,0.5350495535775468,0.0,0.0,0.5163916798214966,0.5531996924123057
LINC01013,CLP,0.5293459854891592,0.0,0.0,0.510532214748935,0.5476531630413465
HLA-DRA,CLP,0.528339641523324,0.0,0.0,0.5094985454580196,0.5466743601454914
RPS4Y2,CLP,0.5257872990304019,0.0,0.0,0.5068771428711122,0.5441916440484477
LTB,CLP,0.5209301768621922,0.0,0.0,0.5018895648571453,0.5394661307493898
ZCCHC7,CLP,0.5121290666166811,0.0,0.0,0.49285529338309925,0.5309005200913102
BTG2,CLP,0.5088777732549278,0.0,0.0,0.48951891674260267,0.5277352541558143
RP11-524N5.1,CLP,0.50044904309889,0.0,0.0,0.48087225322263455,0.5195271040868414
HMHB1,CLP,0.4998879677082361,0.0,0.0,0.48029680580140527,0.5189805870295425
MME,CLP,0.49523780942710466,0.0,0.0,0.47552818205988556,0.5144504864471467
RCSD1,CLP,0.484613567483829,0.0,0.0,0.46463762601916864,0.504096515568387
MZB1,CLP,0.48416273396404697,0.0,0.0,0.46417562523552514,0.5036570269398897
IGLL1,CLP,0.4783089378889756,0.0,0.0,0.45817781632298427,0.49794962106872337
P4HA2,CLP,0.4746827380488255,0.0,0.0,0.45446332542291235,0.49441325063878827
CD74,CLP,0.4669173598345584,0.0,0.0,0.44651123962015815,0.4868380412773714
MALAT1,CLP,0.4657568067656292,0.0,0.0,0.44532305949777456,0.4857056519321448
ISG20,CLP,0.458356292201303,4.6587717112115e-310,9.911183878351585e-308,0.4377480673980988,0.4784831542277517
CYGB,CLP,0.4446256480833895,5.4893660592435325e-289,1.1010884119691205e-286,0.4237014494112366,0.46507557852230946
LEF1,CLP,0.431491885145856,8.20650243622872e-270,1.5571283879336145e-267,0.41027485858117396,0.4522420553783198
PPP3CC,CLP,0.4270248882628628,1.680273807647014e-263,3.104305859627858e-261,0.40571036161277235,0.4478752156477106
PAX5,CLP,0.42596050270774816,5.173631040653638e-262,9.313199159207401e-260,0.4046229007874021,0.4468345485328249
H3F3B,CLP,0.4189737125737603,2.182211738129838e-252,3.7366384164733e-250,0.3974861388900983,0.44000204711656044
TOP2B,CLP,0.41785382647618635,7.21935850128443e-251,1.2212893098377671e-248,0.39634245606950996,0.438906664925876
CLEC14A,CLP,0.4126337655349153,7.220144538363396e-244,1.1926829348607111e-241,0.3910123535470453,0.4337999968747659
LINC00426,CLP,0.4091941597895877,2.494451098419831e-239,4.025814698035959e-237,0.3875010315940584,0.43043436465487844
FCMR,CLP,0.4068278885352417,3.0580639774016565e-236,4.824525427718726e-234,0.38508578869441434,0.4281186403959025
IGHM,CLP,0.40523422428003325,3.549260244872693e-234,5.476391549259064e-232,0.38345931025802993,0.4265588615494173
MLXIP,CLP,0.4047325816105889,1.5757959099823646e-233,2.4049728665285198e-231,0.382947366514337,0.42606785884751164
POU2AF1,CLP,0.4043320282695099,5.170523621751353e-233,7.806378728280726e-231,0.38253859754470204,0.4256757923188121
PTPRE,CLP,0.4017059127247442,1.1957361813410404e-229,1.7672980760220576e-227,0.37985882984652297,0.423105119657173
BTG1,CLP,0.40053974148417304,3.6385102536462027e-228,5.3217002574423266e-226,0.3786689510142541,0.42196345830341897
MYLK,CLP,0.39478951693641967,6.03228570255804e-221,8.303855249962494e-219,0.3728028846391636,0.416333094851698
SSBP2,CLP,0.39466776407521226,8.544035392321878e-221,1.1647262227533155e-218,0.37267869798757275,0.4162138620137819
BACH2,CLP,0.39313029514947845,6.835793747035792e-219,9.228978846358612e-217,0.3711105634497604,0.41470815163972835
TLE4,CLP,0.3898913659126062,6.428304236168877e-215,8.596173312385447e-213,0.3678074430251598,0.4115357402578512
TMEM243,CLP,0.3880843300499568,1.0088248549163387e-212,1.3363122441396522e-210,0.36596483632041793,0.4097655875021724
TSPAN14,CLP,0.38689152528740156,2.7860306882408925e-211,3.6559492423916235e-209,0.36474864664503964,0.40859703940324854
CSRNP1,CLP,0.3838632097749811,1.1878049683914574e-207,1.5161790510167684e-205,0.3616613004450746,0.40562998748109613
HLA-A,CLP,0.37592156302852225,2.4988254984483594e-198,3.132679359260126e-196,0.3535671601032996,0.39784682278731054
TCF4,CLP,0.37426915808748584,2.0061433652091224e-196,2.470899911482569e-194,0.35188344669937466,0.39622699620819657
DUSP26,CLP,0.3736504326884992,1.0290624074588065e-195,1.2564404576634003e-193,0.35125303545368264,0.3956204342546242
ID3,CLP,0.3725954120374538,1.6571771869114345e-194,1.9887542633695258e-192,0.35017813549639426,0.3945861099173902
SOX4,CLP,0.3693915498718853,7.158248763587001e-191,8.51770939741738e-189,0.3469142661698485,0.3914447562110842
CD72,CLP,0.3594480496064986,7.19245908341136e-180,8.277812950014665e-178,0.33678799341806764,0.38169198279795336
QRSL1,CLP,0.3576082421328123,7.025100613907985e-178,8.019466481291222e-176,0.33491494273436107,0.37988692159794846
HMCES,CLP,0.35745921959043886,1.0167217495076475e-177,1.1512733939384579e-175,0.3347632353770601,0.3797407060403202
NEIL1,CLP,0.35571062610093923,7.658295832707003e-176,8.602410542963122e-174,0.3329832268290784,0.378024965840894
SH2D4B,CLP,0.34563699138671544,2.828775258715285e-165,3.055294877509332e-163,0.32273176378616614,0.3681376126551986
FAM26F,CLP,0.3424345519724379,5.304083749216675e-162,5.557808949459055e-160,0.31947391758736804,0.3649933262920579
GNG7,CLP,0.3334663955968849,4.710416453941205e-153,4.561307408950928e-151,0.3103534867276807,0.3561852832418017
XBP1,CLP,0.3262652597187933,4.271060769917794e-146,4.052024612865929e-144,0.3030331581680135,0.34910978943159016
HLA-B,CLP,0.32541918025990657,2.7218556450182384e-145,2.5649379269598044e-143,0.30217325441051346,0.34827830093846784
CD69,CLP,0.3230952961027095,4.265867830903102e-143,3.9148398832490495e-141,0.29981159438725186,0.3459943079552364
SMIM3,CLP,0.32251911169778186,1.4828275200159373e-142,1.3519728057495957e-140,0.29922608797170624,0.34542797218687704
HLA-DPB1,CLP,0.32128336019975523,2.1247752427961286e-141,1.924772205425835e-139,0.29797040256536883,0.34421328693660064
LCN6,CLP,0.32126704470170314,2.200593336583826e-141,1.9806750666008654e-139,0.29795382442162865,0.3441972490605917
C5orf56,CLP,0.3194151558264287,1.159634413839866e-139,1.0370972487086343e-137,0.29607221535866846,0.34237678468481414
SNX2,CLP,0.31635944736064336,7.535990859389545e-137,6.654896079037018e-135,0.2929678631619847,0.3393725512189846
RAG1,CLP,0.31464590103138995,2.7491448086721012e-135,2.412546391160311e-133,0.29122725473641925,0.33768766499424197
H1FX,CLP,0.31141303420145144,2.2727475097441304e-132,1.96985480150107e-130,0.2879437532966938,0.33450846768499104
CD27,CLP,0.3104211627309275,1.7533750261355424e-131,1.492069014664797e-129,0.28693645730060996,0.3335329570911373
S1PR4,CLP,0.3092291559832219,2.0204513579587738e-130,1.6987519471316852e-128,0.28572598244188335,0.3323605469586838
SIAH2,CLP,0.306988348444047,1.9362298391452006e-128,1.608674743872057e-126,0.28345066040678074,0.33015638481812565
HLA-C,CLP,0.3064525670687565,5.728236124310529e-128,4.622423185140468e-126,0.2829066658033137,0.3296293279977352
CHST15,CLP,0.30591241497074617,1.7055661949618605e-127,1.3606735763329253e-125,0.2823582488101295,0.3290979570027844
DDX5,CLP,0.30500460105174404,1.06134223544716e-126,8.372082206693019e-125,0.2814365790634341,0.32820486808548716
TMSB4X,CLP,0.29610423102146405,4.495120786579549e-119,3.3751866825862806e-117,0.2724026665427864,0.31944666729004767
GNG11,CLP,0.2941614633492791,1.904949142098509e-117,1.4003869583353489e-115,0.2704313047493296,0.31753440183866233
TMSB10,CLP,0.2936441721188504,5.1390232654751574e-117,3.700360290796753e-115,0.2699064334472562,0.3170252002347563
ARHGDIB,CLP,0.2932943448161775,1.0041854985809219e-116,7.157242936839961e-115,0.26955148798319273,0.3166808360440585
PPP1R18,CLP,0.2930383343248134,1.6385165517900596e-116,1.1561010504363933e-114,0.26929173600884265,0.3164288196586408
CD99,CLP,0.29228575701043225,6.889485482666093e-116,4.8367632831057305e-114,0.26852818010698654,0.31568796443706065
AK1,CLP,0.2910627549992449,7.039737557961388e-115,4.893314606501775e-113,0.26728740063643086,0.3144839509579714
HIST1H2AC,CLP,0.2908093180761652,1.1377993446130356e-114,7.869872215621493e-113,0.2670302896355367,0.31423443951219043
SMAD1,CLP,0.287467738854269,6.0846345072027765e-112,4.1472986949336984e-110,0.26364058404795676,0.310944315247501
BLNK,CLP,0.28168284443399827,2.602647145936795e-107,1.73193216000467e-105,0.2577737647800412,0.3052471684103074
UBC,CLP,0.2815956613640007,3.0501920031608973e-107,2.0201766941689697e-105,0.25768536051917434,0.30516129486323135
SCHIP1-1,CLP,0.2792473705017012,2.1412562503836228e-105,1.3983897214714629e-103,0.2553043272690356,0.30284813202997846
FOXO1,CLP,0.278947957498791,3.670494348249978e-105,2.385991256656386e-103,0.2550007604023521,0.30255317795067166
MAP1LC3B,CLP,0.2771306929826451,9.522379090777714e-104,6.105192913863465e-102,0.25315838559280324,0.300762879534629
CCND3,CLP,0.27652574514120726,2.7987397165832775e-103,1.778149518576733e-101,0.25254511737864044,0.30016687146504606
MACROD2,CLP,0.27183316052375556,1.0884636144759376e-99,6.673850485090235e-98,0.24778864586648894,0.29554300569111325
MDM4,CLP,0.26987191826919066,3.274804055828449e-98,1.9734559548449466e-96,0.2458010458104375,0.2936101549139301
MPP1,CLP,0.2696955300943997,4.441333373450894e-98,2.664989824642051e-96,0.24562229701542823,0.29343631066848463
IGHD,CLP,0.2684141750150113,4.033423825604459e-97,2.389590883346507e-95,0.24432384257613696,0.29217338858590697
ARID5B,CLP,0.26508835292752764,1.1670480547021052e-94,6.885093166416915e-93,0.24095404129324624,0.2888950235679509
NAV1,CLP,0.2634528655551884,1.8366902965133414e-93,1.0745403522226595e-91,0.2392971403689694,0.28728266859904117
YBX3,CLP,0.2625890786865502,7.809787177939471e-93,4.5500921894376807e-91,0.23842210064793928,0.2864310446678654
